﻿
<DynamicTemplateString>
	<StringID>com.fmi.calculation.text.043940E6DC4B43C167EE98F7E329E2CD</StringID>
	<SourceText> Use example : progressBarSingle ( 400 ; 16 ; 5 ; &quot;#FFFFFF&quot; ; &quot;#CDCDCD&quot; ; 70 )<CR/></SourceText>
	<TargetText> Use example : progressBarSingle ( 400 ; 16 ; 5 ; &quot;#FFFFFF&quot; ; &quot;#CDCDCD&quot; ; 70 )<CR/></TargetText>
	<Comment>com.fmi.calculation.text. Use example : progressBarSingle ( 400 ; 16 ; 5 ; &quot;#FFFFFF&quot; ; &quot;#CDCDCD&quot; ; 70 )_CR/_</Comment>
</DynamicTemplateString>

<DynamicTemplateString>
	<StringID>com.fmi.calculation.text.04E88795162521AC10DF032ABDA1E97B</StringID>
	<SourceText>#e8deee</SourceText>
	<TargetText>#e8deee</TargetText>
	<Comment>com.fmi.calculation.text.#e8deee</Comment>
</DynamicTemplateString>

<DynamicTemplateString>
	<StringID>com.fmi.calculation.text.0FB122270860D13374996F21902B49E2</StringID>
	<SourceText>height</SourceText>
	<TargetText>height</TargetText>
	<Comment>com.fmi.calculation.text.height</Comment>
</DynamicTemplateString>

<DynamicTemplateString>
	<StringID>com.fmi.calculation.text.102BFA5088CD517443EE7DBEFCE7C1A2</StringID>
	<SourceText> Filled progress bar<CR/></SourceText>
	<TargetText> Filled progress bar<CR/></TargetText>
	<Comment>com.fmi.calculation.text. Filled progress bar_CR/_</Comment>
</DynamicTemplateString>

<DynamicTemplateString>
	<StringID>com.fmi.calculation.text.1D6C5CFC039631E6656999BD00A3755E</StringID>
	<SourceText> Parameters : width ; height ; radius ; colorBackground ; colorFilled ; pctFilled<CR/></SourceText>
	<TargetText> Parameters : width ; height ; radius ; colorBackground ; colorFilled ; pctFilled<CR/></TargetText>
	<Comment>com.fmi.calculation.text. Parameters : width ; height ; radius ; colorBackground ; colorFilled ; pctFilled_CR/_</Comment>
</DynamicTemplateString>

<DynamicTemplateString>
	<StringID>com.fmi.calculation.text.1EE6F78E33554F6114399F9607ED4969</StringID>
	<SourceText>&lt;/body&gt;<CR/><TAB/><TAB/><TAB/><TAB/>&lt;/html&gt;</SourceText>
	<TargetText>&lt;/body&gt;<CR/><TAB/><TAB/><TAB/><TAB/>&lt;/html&gt;</TargetText>
	<Comment>com.fmi.calculation.text.&lt;/body&gt;_CR/__TAB/__TAB/__TAB/__TAB/_&lt;/html&gt;</Comment>
</DynamicTemplateString>

<DynamicTemplateString>
	<StringID>com.fmi.calculation.text.20AEDC92E96221D65EDB56CC838A9C64</StringID>
	<SourceText> colorBackground<CR/></SourceText>
	<TargetText> colorBackground<CR/></TargetText>
	<Comment>com.fmi.calculation.text. colorBackground_CR/_</Comment>
</DynamicTemplateString>

<DynamicTemplateString>
	<StringID>com.fmi.calculation.text.22DC796ED8E3FFC660AB31BB63C413FB</StringID>
	<SourceText> This function produces a horizontal SVG-based progress bar that visually represents <CR/></SourceText>
	<TargetText> This function produces a horizontal SVG-based progress bar that visually represents <CR/></TargetText>
	<Comment>com.fmi.calculation.text. This function produces a horizontal SVG-based progress bar that visually represents _CR/_</Comment>
</DynamicTemplateString>

<DynamicTemplateString>
	<StringID>com.fmi.calculation.text.2F42FC9329AFFE93085A85D6500BDBB4</StringID>
	<SourceText>color.background</SourceText>
	<TargetText>color.background</TargetText>
	<Comment>com.fmi.calculation.text.color.background</Comment>
</DynamicTemplateString>

<DynamicTemplateString>
	<StringID>com.fmi.calculation.text.30C2E584B090C55971EEC946D9AB6028</StringID>
	<SourceText>, user-scalable=no\&quot;&gt;<CR/><TAB/><TAB/><TAB/><TAB/>  &lt;body style=\&quot;margin:0;padding:0;background:#</SourceText>
	<TargetText>, user-scalable=no\&quot;&gt;<CR/><TAB/><TAB/><TAB/><TAB/>  &lt;body style=\&quot;margin:0;padding:0;background:#</TargetText>
	<Comment>com.fmi.calculation.text., user-scalable=no\&quot;&gt;_CR/__TAB/__TAB/__TAB/__TAB/_  &lt;body style=\&quot;margin:0;padding:0;background:#</Comment>
</DynamicTemplateString>

<DynamicTemplateString>
	<StringID>com.fmi.calculation.text.34072300033EDA5A623CF9A70E427C0A</StringID>
	<SourceText>&apos; clip-path=&apos;url(#clip)&apos; /&gt;</SourceText>
	<TargetText>&apos; clip-path=&apos;url(#clip)&apos; /&gt;</TargetText>
	<Comment>com.fmi.calculation.text.&apos; clip-path=&apos;url(#clip)&apos; /&gt;</Comment>
</DynamicTemplateString>

<DynamicTemplateString>
	<StringID>com.fmi.calculation.text.3451443138948F267F89AE07E6B8F5B6</StringID>
	<SourceText> Generates a horizontal progress bar based on a single percentage <CR/></SourceText>
	<TargetText> Generates a horizontal progress bar based on a single percentage <CR/></TargetText>
	<Comment>com.fmi.calculation.text. Generates a horizontal progress bar based on a single percentage _CR/_</Comment>
</DynamicTemplateString>

<DynamicTemplateString>
	<StringID>com.fmi.calculation.text.36783AD87521BA0551DFB0ED843E61AD</StringID>
	<SourceText>color.filled</SourceText>
	<TargetText>color.filled</TargetText>
	<Comment>com.fmi.calculation.text.color.filled</Comment>
</DynamicTemplateString>

<DynamicTemplateString>
	<StringID>com.fmi.calculation.text.3FA974089A805D9B26119D08F17421CF</StringID>
	<SourceText>&lt;svg xmlns=\&quot;http://www.w3.org/2000/svg\&quot; style=\&quot;width:100%;height:100%; \&quot;viewBox=\&quot;0 0 </SourceText>
	<TargetText>&lt;svg xmlns=\&quot;http://www.w3.org/2000/svg\&quot; style=\&quot;width:100%;height:100%; \&quot;viewBox=\&quot;0 0 </TargetText>
	<Comment>com.fmi.calculation.text.&lt;svg xmlns=\&quot;http://www.w3.org/2000/svg\&quot; style=\&quot;width:100%;height:100%; \&quot;viewBox=\&quot;0 0</Comment>
</DynamicTemplateString>

<DynamicTemplateString>
	<StringID>com.fmi.calculation.text.454DD36B48548B80AA6CFC160CA3AF1A</StringID>
	<SourceText>&apos; fill=&apos;</SourceText>
	<TargetText>&apos; fill=&apos;</TargetText>
	<Comment>com.fmi.calculation.text.&apos; fill=&apos;</Comment>
</DynamicTemplateString>

<DynamicTemplateString>
	<StringID>com.fmi.calculation.text.49439A3CFE977B01A8BBDF6000B570FB</StringID>
	<SourceText> BD Link : https://www.briandunning.com/cf/2800<CR/></SourceText>
	<TargetText> BD Link : https://www.briandunning.com/cf/2800<CR/></TargetText>
	<Comment>com.fmi.calculation.text. BD Link : https://www.briandunning.com/cf/2800_CR/_</Comment>
</DynamicTemplateString>

<DynamicTemplateString>
	<StringID>com.fmi.calculation.text.556E32CD6E0F3BDDD3CC105CAD1EE569</StringID>
	<SourceText> value, using two custom colours to indicate completed and remaining progress.<CR/></SourceText>
	<TargetText> value, using two custom colours to indicate completed and remaining progress.<CR/></TargetText>
	<Comment>com.fmi.calculation.text. value, using two custom colours to indicate completed and remaining progress._CR/_</Comment>
</DynamicTemplateString>

<DynamicTemplateString>
	<StringID>com.fmi.calculation.text.58016D7BE48826BF7888E410F9BBDA05</StringID>
	<SourceText>targetWebViewer</SourceText>
	<TargetText>targetWebViewer</TargetText>
	<Comment>com.fmi.calculation.text.targetWebViewer</Comment>
</DynamicTemplateString>

<DynamicTemplateString>
	<StringID>com.fmi.calculation.text.5ABDBB39D1F9C589030E34ABCDC03A10</StringID>
	<SourceText>Web</SourceText>
	<TargetText>Web</TargetText>
	<Comment>com.fmi.calculation.text.Web</Comment>
</DynamicTemplateString>

<DynamicTemplateString>
	<StringID>com.fmi.calculation.text.5CD8FBB9C0F236A8E6F08B04C878D57B</StringID>
	<SourceText> radius<CR/></SourceText>
	<TargetText> radius<CR/></TargetText>
	<Comment>com.fmi.calculation.text. radius_CR/_</Comment>
</DynamicTemplateString>

<DynamicTemplateString>
	<StringID>com.fmi.calculation.text.6107A6B6BBBB0DC29A7EB46C1D5B3345</StringID>
	<SourceText>#7962a8</SourceText>
	<TargetText>#7962a8</TargetText>
	<Comment>com.fmi.calculation.text.#7962a8</Comment>
</DynamicTemplateString>

<DynamicTemplateString>
	<StringID>com.fmi.calculation.text.67AB2B1D33A3943DFEA1510E3782934F</StringID>
	<SourceText>&apos; ry=&apos;</SourceText>
	<TargetText>&apos; ry=&apos;</TargetText>
	<Comment>com.fmi.calculation.text.&apos; ry=&apos;</Comment>
</DynamicTemplateString>

<DynamicTemplateString>
	<StringID>com.fmi.calculation.text.697300B97522098C071B7BCD3BB2078C</StringID>
	<SourceText>&lt;/clipPath&gt;</SourceText>
	<TargetText>&lt;/clipPath&gt;</TargetText>
	<Comment>com.fmi.calculation.text.&lt;/clipPath&gt;</Comment>
</DynamicTemplateString>

<DynamicTemplateString>
	<StringID>com.fmi.calculation.text.6F8DFB7808C3D87F8F38C6800FC2DCD2</StringID>
	<SourceText>&lt;clipPath id=&apos;clip&apos;&gt;</SourceText>
	<TargetText>&lt;clipPath id=&apos;clip&apos;&gt;</TargetText>
	<Comment>com.fmi.calculation.text.&lt;clipPath id=&apos;clip&apos;&gt;</Comment>
</DynamicTemplateString>

<DynamicTemplateString>
	<StringID>com.fmi.calculation.text.7032D56929BA75655E3716ED2D0B6A25</StringID>
	<SourceText> Base Values<CR/></SourceText>
	<TargetText> Base Values<CR/></TargetText>
	<Comment>com.fmi.calculation.text. Base Values_CR/_</Comment>
</DynamicTemplateString>

<DynamicTemplateString>
	<StringID>com.fmi.calculation.text.7293E3E40CEA05A08DCADE2A1F368290</StringID>
	<SourceText> colorFilled<CR/></SourceText>
	<TargetText> colorFilled<CR/></TargetText>
	<Comment>com.fmi.calculation.text. colorFilled_CR/_</Comment>
</DynamicTemplateString>

<DynamicTemplateString>
	<StringID>com.fmi.calculation.text.741CAD0E9C88DEA0226D1E2E08C5473D</StringID>
	<SourceText>;\&quot;&gt;</SourceText>
	<TargetText>;\&quot;&gt;</TargetText>
	<Comment>com.fmi.calculation.text.;\&quot;&gt;</Comment>
</DynamicTemplateString>

<DynamicTemplateString>
	<StringID>com.fmi.calculation.text.773189B435C89C35E78565966697E809</StringID>
	<SourceText> PROGRESS BAR SINGLE<CR/></SourceText>
	<TargetText> PROGRESS BAR SINGLE<CR/></TargetText>
	<Comment>com.fmi.calculation.text. PROGRESS BAR SINGLE_CR/_</Comment>
</DynamicTemplateString>

<DynamicTemplateString>
	<StringID>com.fmi.calculation.text.79DAFBA321E8084042069E25AD389EF2</StringID>
	<SourceText>&lt;/svg&gt;</SourceText>
	<TargetText>&lt;/svg&gt;</TargetText>
	<Comment>com.fmi.calculation.text.&lt;/svg&gt;</Comment>
</DynamicTemplateString>

<DynamicTemplateString>
	<StringID>com.fmi.calculation.text.7C831DA0233DCC35CBC52C029D5A4ACD</StringID>
	<SourceText>&apos; rx=&apos;</SourceText>
	<TargetText>&apos; rx=&apos;</TargetText>
	<Comment>com.fmi.calculation.text.&apos; rx=&apos;</Comment>
</DynamicTemplateString>

<DynamicTemplateString>
	<StringID>com.fmi.calculation.text.8165996CCEAE2D081AE115D4FC60FFC2</StringID>
	<SourceText> V 1.2</SourceText>
	<TargetText> V 1.2</TargetText>
	<Comment>com.fmi.calculation.text. V 1.2</Comment>
</DynamicTemplateString>

<DynamicTemplateString>
	<StringID>com.fmi.calculation.text.81DBB097BD91BDD58AC976DAC49C38AF</StringID>
	<SourceText>&apos; height=&apos;</SourceText>
	<TargetText>&apos; height=&apos;</TargetText>
	<Comment>com.fmi.calculation.text.&apos; height=&apos;</Comment>
</DynamicTemplateString>

<DynamicTemplateString>
	<StringID>com.fmi.calculation.text.855E1E98041DE928340FBE80C0162B88</StringID>
	<SourceText> one for the completed portion and another for the remaining segment. Rounded corners are applied, <CR/></SourceText>
	<TargetText> one for the completed portion and another for the remaining segment. Rounded corners are applied, <CR/></TargetText>
	<Comment>com.fmi.calculation.text. one for the completed portion and another for the remaining segment. Rounded corners are applied, _CR/_</Comment>
</DynamicTemplateString>

<DynamicTemplateString>
	<StringID>com.fmi.calculation.text.8EF4FC0AD43BF30C12948854EA684FEA</StringID>
	<SourceText> Progress ~width<CR/></SourceText>
	<TargetText> Progress ~width<CR/></TargetText>
	<Comment>com.fmi.calculation.text. Progress ~width_CR/_</Comment>
</DynamicTemplateString>

<DynamicTemplateString>
	<StringID>com.fmi.calculation.text.9286618FE0B2C104A3FBBEC4C6CD20A4</StringID>
	<SourceText> </SourceText>
	<TargetText> </TargetText>
	<Comment>com.fmi.calculation.text.</Comment>
</DynamicTemplateString>

<DynamicTemplateString>
	<StringID>com.fmi.calculation.text.972A573D652596C4ADA117CE70657A8A</StringID>
	<SourceText> GitHub : https://github.com/roxytheman/fmCustomFunctions/blob/c84842779eba9a9088a2e5a9beae4079af7e6b7a/functions/progressBarSingle.fmfn<CR/></SourceText>
	<TargetText> GitHub : https://github.com/roxytheman/fmCustomFunctions/blob/c84842779eba9a9088a2e5a9beae4079af7e6b7a/functions/progressBarSingle.fmfn<CR/></TargetText>
	<Comment>com.fmi.calculation.text. GitHub : https://github.com/roxytheman/fmCustomFunctions/blob/c84842779eba9a9088a2e5a9beae4079af7e6b7a/functions/progressBarSingle.fmfn_CR/_</Comment>
</DynamicTemplateString>

<DynamicTemplateString>
	<StringID>com.fmi.calculation.text.9E72EA5D25686CB3C3814755DB6AD37A</StringID>
	<SourceText> Define the SVG string<CR/></SourceText>
	<TargetText> Define the SVG string<CR/></TargetText>
	<Comment>com.fmi.calculation.text. Define the SVG string_CR/_</Comment>
</DynamicTemplateString>

<DynamicTemplateString>
	<StringID>com.fmi.calculation.text.AEE77D83675800794E2F2A95905D4E56</StringID>
	<SourceText>\&quot; preserveAspectRatio=\&quot;xMidYMid meet\&quot;&gt;</SourceText>
	<TargetText>\&quot; preserveAspectRatio=\&quot;xMidYMid meet\&quot;&gt;</TargetText>
	<Comment>com.fmi.calculation.text.\&quot; preserveAspectRatio=\&quot;xMidYMid meet\&quot;&gt;</Comment>
</DynamicTemplateString>

<DynamicTemplateString>
	<StringID>com.fmi.calculation.text.AF00F351C15C4CFED6996E8722B2DF55</StringID>
	<SourceText>width</SourceText>
	<TargetText>width</TargetText>
	<Comment>com.fmi.calculation.text.width</Comment>
</DynamicTemplateString>

<DynamicTemplateString>
	<StringID>com.fmi.calculation.text.B0FF5FB12BBC97BAF49DC09388F82E04</StringID>
	<SourceText>data:text/html,</SourceText>
	<TargetText>data:text/html,</TargetText>
	<Comment>com.fmi.calculation.text.data:text/html,</Comment>
</DynamicTemplateString>

<DynamicTemplateString>
	<StringID>com.fmi.calculation.text.B2F8405A9E1D6D6496E4F296D1E2F0D1</StringID>
	<SourceText>&lt;html&gt;<CR/><TAB/><TAB/><TAB/><TAB/>&lt;meta name=\&quot;viewport\&quot; content=\&quot;width=device-width, initial-scale=</SourceText>
	<TargetText>&lt;html&gt;<CR/><TAB/><TAB/><TAB/><TAB/>&lt;meta name=\&quot;viewport\&quot; content=\&quot;width=device-width, initial-scale=</TargetText>
	<Comment>com.fmi.calculation.text.&lt;html&gt;_CR/__TAB/__TAB/__TAB/__TAB/_&lt;meta name=\&quot;viewport\&quot; content=\&quot;width=device-width, initial-scale=</Comment>
</DynamicTemplateString>

<DynamicTemplateString>
	<StringID>com.fmi.calculation.text.B5891D5D31C2D57D8C36A5E1ABEC4147</StringID>
	<SourceText>radius</SourceText>
	<TargetText>radius</TargetText>
	<Comment>com.fmi.calculation.text.radius</Comment>
</DynamicTemplateString>

<DynamicTemplateString>
	<StringID>com.fmi.calculation.text.B593E1763EC8BA57ECB83A37A12AE170</StringID>
	<SourceText>, maximum-scale=</SourceText>
	<TargetText>, maximum-scale=</TargetText>
	<Comment>com.fmi.calculation.text., maximum-scale=</Comment>
</DynamicTemplateString>

<DynamicTemplateString>
	<StringID>com.fmi.calculation.text.B613EA7ED210F1B43EB9CF2D7C456F36</StringID>
	<SourceText>data:image/svg+xml;base64,</SourceText>
	<TargetText>data:image/svg+xml;base64,</TargetText>
	<Comment>com.fmi.calculation.text.data:image/svg+xml;base64,</Comment>
</DynamicTemplateString>

<DynamicTemplateString>
	<StringID>com.fmi.calculation.text.BBB71BE88C53A02CCAA1E84677E66289</StringID>
	<SourceText>&apos; /&gt;</SourceText>
	<TargetText>&apos; /&gt;</TargetText>
	<Comment>com.fmi.calculation.text.&apos; /&gt;</Comment>
</DynamicTemplateString>

<DynamicTemplateString>
	<StringID>com.fmi.calculation.text.BE96B16D5193C0B4FEA0BA0DE766C3B0</StringID>
	<SourceText> fillPercentage <CR/></SourceText>
	<TargetText> fillPercentage <CR/></TargetText>
	<Comment>com.fmi.calculation.text. fillPercentage _CR/_</Comment>
</DynamicTemplateString>

<DynamicTemplateString>
	<StringID>com.fmi.calculation.text.C13D7227209317C4EB04CCF52893215D</StringID>
	<SourceText>&lt;rect x=&apos;0&apos; y=&apos;0&apos; width=&apos;</SourceText>
	<TargetText>&lt;rect x=&apos;0&apos; y=&apos;0&apos; width=&apos;</TargetText>
	<Comment>com.fmi.calculation.text.&lt;rect x=&apos;0&apos; y=&apos;0&apos; width=&apos;</Comment>
</DynamicTemplateString>

<DynamicTemplateString>
	<StringID>com.fmi.calculation.text.C6AF94FC9C8E58F62D2F13CE6D3AFF18</StringID>
	<SourceText> height<CR/></SourceText>
	<TargetText> height<CR/></TargetText>
	<Comment>com.fmi.calculation.text. height_CR/_</Comment>
</DynamicTemplateString>

<DynamicTemplateString>
	<StringID>com.fmi.calculation.text.CB7A68C052A68EB1007EF58A3D7CB772</StringID>
	<SourceText>&apos;&gt;</SourceText>
	<TargetText>&apos;&gt;</TargetText>
	<Comment>com.fmi.calculation.text.&apos;&gt;</Comment>
</DynamicTemplateString>

<DynamicTemplateString>
	<StringID>com.fmi.calculation.text.CDF2272932810A811B03A6EC3BDE90BF</StringID>
	<SourceText>data:image/svg+xml;utf8,</SourceText>
	<TargetText>data:image/svg+xml;utf8,</TargetText>
	<Comment>com.fmi.calculation.text.data:image/svg+xml;utf8,</Comment>
</DynamicTemplateString>

<DynamicTemplateString>
	<StringID>com.fmi.calculation.text.D0393F39CD9C4C4BA85511D03B8CDE1C</StringID>
	<SourceText> Written by: jonni@me.com<CR/></SourceText>
	<TargetText> Written by: jonni@me.com<CR/></TargetText>
	<Comment>com.fmi.calculation.text. Written by: jonni@me.com_CR/_</Comment>
</DynamicTemplateString>

<DynamicTemplateString>
	<StringID>com.fmi.calculation.text.D4FF4A07E982B3FDCA415A137EE1D2B5</StringID>
	<SourceText> Function Name : progressBarSingle<CR/></SourceText>
	<TargetText> Function Name : progressBarSingle<CR/></TargetText>
	<Comment>com.fmi.calculation.text. Function Name : progressBarSingle_CR/_</Comment>
</DynamicTemplateString>

<DynamicTemplateString>
	<StringID>com.fmi.calculation.text.D5B1D0CC3DE8F7B11637746650AFB63E</StringID>
	<SourceText> The output is Base64-encoded and intended for use in web viewers or for conversion into a PNG graphic.<CR/></SourceText>
	<TargetText> The output is Base64-encoded and intended for use in web viewers or for conversion into a PNG graphic.<CR/></TargetText>
	<Comment>com.fmi.calculation.text. The output is Base64-encoded and intended for use in web viewers or for conversion into a PNG graphic._CR/_</Comment>
</DynamicTemplateString>

<DynamicTemplateString>
	<StringID>com.fmi.calculation.text.D988E754F77A1BFD6E00AD89E914BAEB</StringID>
	<SourceText> a percentage complete value between 0 and 100. The bar is rendered with two colours: <CR/></SourceText>
	<TargetText> a percentage complete value between 0 and 100. The bar is rendered with two colours: <CR/></TargetText>
	<Comment>com.fmi.calculation.text. a percentage complete value between 0 and 100. The bar is rendered with two colours: _CR/_</Comment>
</DynamicTemplateString>

<DynamicTemplateString>
	<StringID>com.fmi.calculation.text.DC083FC6D4C17EC41678CE2BAE534C78</StringID>
	<SourceText> and the bar scales responsively to the size of the layout object if configured accordingly. <CR/></SourceText>
	<TargetText> and the bar scales responsively to the size of the layout object if configured accordingly. <CR/></TargetText>
	<Comment>com.fmi.calculation.text. and the bar scales responsively to the size of the layout object if configured accordingly. _CR/_</Comment>
</DynamicTemplateString>

<DynamicTemplateString>
	<StringID>com.fmi.calculation.text.DDB39995539B874E2220884B7A39106B</StringID>
	<SourceText>percentage.filled</SourceText>
	<TargetText>percentage.filled</TargetText>
	<Comment>com.fmi.calculation.text.percentage.filled</Comment>
</DynamicTemplateString>

<DynamicTemplateString>
	<StringID>com.fmi.calculation.text.E0ECE08AC543EE713C8A3805E3EB77A4</StringID>
	<SourceText>&lt;svg xmlns=&apos;http://www.w3.org/2000/svg&apos; width=&apos;100%&apos; height=&apos;100%&apos; viewBox=&apos;0 0 </SourceText>
	<TargetText>&lt;svg xmlns=&apos;http://www.w3.org/2000/svg&apos; width=&apos;100%&apos; height=&apos;100%&apos; viewBox=&apos;0 0 </TargetText>
	<Comment>com.fmi.calculation.text.&lt;svg xmlns=&apos;http://www.w3.org/2000/svg&apos; width=&apos;100%&apos; height=&apos;100%&apos; viewBox=&apos;0 0</Comment>
</DynamicTemplateString>

<DynamicTemplateString>
	<StringID>com.fmi.calculation.text.EECE2E542B0CDCE586A27B7931BA8BF0</StringID>
	<SourceText>¶</SourceText>
	<TargetText>¶</TargetText>
	<Comment>com.fmi.calculation.text.¶</Comment>
</DynamicTemplateString>

<DynamicTemplateString>
	<StringID>com.fmi.calculation.text.F321C0F426E5A077F26A932F46DC60A2</StringID>
	<SourceText> Background bar<CR/></SourceText>
	<TargetText> Background bar<CR/></TargetText>
	<Comment>com.fmi.calculation.text. Background bar_CR/_</Comment>
</DynamicTemplateString>

<DynamicTemplateString>
	<StringID>com.fmi.calculation.text.F4C1E48796E6C370E81A04FA55228A94</StringID>
	<SourceText> width<CR/></SourceText>
	<TargetText> width<CR/></TargetText>
	<Comment>com.fmi.calculation.text. width_CR/_</Comment>
</DynamicTemplateString>

<DynamicTemplateString>
	<StringID>com.fmi.calculation.text.F949C6081B7FB5E879C1F8F6D495CE92</StringID>
	<SourceText>wv_progressBarSingle_[&lt;^FMXML_AddonInstanceUUID&gt;]</SourceText>
	<TargetText>wv_progressBarSingle_[&lt;^FMXML_AddonInstanceUUID&gt;]</TargetText>
	<Comment>com.fmi.calculation.text.wv_progressBarSingle_[&lt;^FMXML_AddonInstanceUUID&gt;]</Comment>
</DynamicTemplateString>

<DynamicTemplateString>
	<StringID>com.fmi.calculation.text.FD54683CDC641B21B0A7253A663E6FA3</StringID>
	<SourceText>&lt;?xml version=&apos;1.0&apos; encoding=&apos;UTF-8&apos;?&gt;</SourceText>
	<TargetText>&lt;?xml version=&apos;1.0&apos; encoding=&apos;UTF-8&apos;?&gt;</TargetText>
	<Comment>com.fmi.calculation.text.&lt;?xml version=&apos;1.0&apos; encoding=&apos;UTF-8&apos;?&gt;</Comment>
</DynamicTemplateString>

<DynamicTemplateString>
	<StringID>com.fmi.layoutobject.1016229E79C6BA175BDD218BE3C94126</StringID>
	<SourceText>progressBarSingle_[&lt;^FMXML_AddonInstanceUUID&gt;]</SourceText>
	<TargetText>progressBarSingle_[&lt;^FMXML_AddonInstanceUUID&gt;]</TargetText>
	<Comment>com.fmi.layoutobject.progressBarSingle_[&lt;^FMXML_AddonInstanceUUID&gt;]</Comment>
</DynamicTemplateString>

<DynamicTemplateString>
	<StringID>com.fmi.layoutobject.F949C6081B7FB5E879C1F8F6D495CE92</StringID>
	<SourceText>wv_progressBarSingle_[&lt;^FMXML_AddonInstanceUUID&gt;]</SourceText>
	<TargetText>wv_progressBarSingle_[&lt;^FMXML_AddonInstanceUUID&gt;]</TargetText>
	<Comment>com.fmi.layoutobject.wv_progressBarSingle_[&lt;^FMXML_AddonInstanceUUID&gt;]</Comment>
</DynamicTemplateString>

<DynamicTemplateString>
	<StringID>com.fmi.script.E860BF8C51655078986A73912547A0F3</StringID>
	<SourceText>setProgressBarSingle</SourceText>
	<TargetText>setProgressBarSingle</TargetText>
	<Comment>com.fmi.script.setProgressBarSingle</Comment>
</DynamicTemplateString>

<DynamicTemplateString>
	<StringID>com.fmi.script.folder.950457DCE2F6FC6CCAD6C4E169882E6F</StringID>
	<SourceText>ProgressBarSingle</SourceText>
	<TargetText>ProgressBarSingle</TargetText>
	<Comment>com.fmi.script.folder.ProgressBarSingle</Comment>
</DynamicTemplateString>

<DynamicTemplateString>
	<StringID>com.fmi.scriptstep.text.111839C0417DE18B8CF74F955F50BD29</StringID>
	<SourceText>Dependencies: <TAB/><TAB/>Script Parameter Payload</SourceText>
	<TargetText>Dependencies: <TAB/><TAB/>Script Parameter Payload</TargetText>
	<Comment>com.fmi.scriptstep.text.Dependencies: _TAB/__TAB/_Script Parameter Payload</Comment>
</DynamicTemplateString>

<DynamicTemplateString>
	<StringID>com.fmi.scriptstep.text.2296B7FCB00E5080D59097A305C1BB23</StringID>
	<SourceText>JSONSetElement ( &quot;&quot; ; <CR/><CR/><TAB/>[ &quot;targetWebViewer&quot; ; &quot;wv_progressBarSingle_[&lt;^FMXML_AddonInstanceUUID&gt;]&quot; ; 1 ] ; // target webViewer name<CR/><TAB/>[ &quot;width&quot; ; GetLayoutObjectAttribute ( &quot;wv_progressBarSingle_[&lt;^FMXML_AddonInstanceUUID&gt;]&quot; ; &quot;width&quot; ) ; 2 ] ; // width<CR/><TAB/>[ &quot;height&quot; ; GetLayoutObjectAttribute ( &quot;wv_progressBarSingle_[&lt;^FMXML_AddonInstanceUUID&gt;]&quot; ; &quot;height&quot; ) ; 2 ] ; // height<CR/><TAB/>[ &quot;radius&quot; ; 0 ; 2 ] ; // radius<CR/><TAB/>[ &quot;color.background&quot; ; &quot;#e8deee&quot; ; 1 ] ; // backgroundColor<CR/><TAB/>[ &quot;color.filled&quot; ; &quot;#7962a8&quot; ; 1 ] ; // fillColor<CR/><TAB/>[ &quot;percentage.filled&quot; ; 60 ; 2 ] // fillPercentage<CR/><CR/>)<CR/><CR/><CR/>or<CR/><CR/><CR/>JSONSetElement ( &quot;&quot; ; <CR/><CR/><TAB/>[ &quot;targetWebViewer&quot; ; &quot;myWebViewer&quot; ; 1 ] ; // target webViewer name<CR/><TAB/>[ &quot;width&quot; ; 500 ; 2 ] ; // width<CR/><TAB/>[ &quot;height&quot; ; 16 ; 2 ] ; // height<CR/><TAB/>[ &quot;radius&quot; ; 5 ; 2 ]  ; // radius<CR/><TAB/>[ &quot;color.background&quot; ; &quot;#e8deee&quot; ; 1 ] ; // backgroundColor<CR/><TAB/>[ &quot;color.filled&quot; ; &quot;#7962a8&quot; ; 1 ] ; // fillColor<CR/><TAB/>[ &quot;percentage.filled&quot; ; 40 ; 2 ] // fillPercentage<CR/><CR/>)</SourceText>
	<TargetText>JSONSetElement ( &quot;&quot; ; <CR/><CR/><TAB/>[ &quot;targetWebViewer&quot; ; &quot;wv_progressBarSingle_[&lt;^FMXML_AddonInstanceUUID&gt;]&quot; ; 1 ] ; // target webViewer name<CR/><TAB/>[ &quot;width&quot; ; GetLayoutObjectAttribute ( &quot;wv_progressBarSingle_[&lt;^FMXML_AddonInstanceUUID&gt;]&quot; ; &quot;width&quot; ) ; 2 ] ; // width<CR/><TAB/>[ &quot;height&quot; ; GetLayoutObjectAttribute ( &quot;wv_progressBarSingle_[&lt;^FMXML_AddonInstanceUUID&gt;]&quot; ; &quot;height&quot; ) ; 2 ] ; // height<CR/><TAB/>[ &quot;radius&quot; ; 0 ; 2 ] ; // radius<CR/><TAB/>[ &quot;color.background&quot; ; &quot;#e8deee&quot; ; 1 ] ; // backgroundColor<CR/><TAB/>[ &quot;color.filled&quot; ; &quot;#7962a8&quot; ; 1 ] ; // fillColor<CR/><TAB/>[ &quot;percentage.filled&quot; ; 60 ; 2 ] // fillPercentage<CR/><CR/>)<CR/><CR/><CR/>or<CR/><CR/><CR/>JSONSetElement ( &quot;&quot; ; <CR/><CR/><TAB/>[ &quot;targetWebViewer&quot; ; &quot;myWebViewer&quot; ; 1 ] ; // target webViewer name<CR/><TAB/>[ &quot;width&quot; ; 500 ; 2 ] ; // width<CR/><TAB/>[ &quot;height&quot; ; 16 ; 2 ] ; // height<CR/><TAB/>[ &quot;radius&quot; ; 5 ; 2 ]  ; // radius<CR/><TAB/>[ &quot;color.background&quot; ; &quot;#e8deee&quot; ; 1 ] ; // backgroundColor<CR/><TAB/>[ &quot;color.filled&quot; ; &quot;#7962a8&quot; ; 1 ] ; // fillColor<CR/><TAB/>[ &quot;percentage.filled&quot; ; 40 ; 2 ] // fillPercentage<CR/><CR/>)</TargetText>
	<Comment>com.fmi.scriptstep.text.JSONSetElement ( &quot;&quot; ; _CR/__CR/__TAB/_[ &quot;targetWebViewer&quot; ; &quot;wv_progressBarSingle_[&lt;^FMXML_AddonInstanceUUID&gt;]&quot; ; 1 ] ; // target webViewer name_CR/__TAB/_[ &quot;width&quot; ; GetLayoutObjectAttribute ( &quot;wv_progressBarSingle_[&lt;^FMXML_AddonInstanceUUID&gt;]&quot; ; &quot;width&quot; ) ; 2 ] ; // width_CR/__TAB/_[ &quot;height&quot; ; GetLayoutObjectAttribute ( &quot;wv_progressBarSingle_[&lt;^FMXML_AddonInstanceUUID&gt;]&quot; ; &quot;height&quot; ) ; 2 ] ; // height_CR/__TAB/_[ &quot;radius&quot; ; 0 ; 2 ] ; // radius_CR/__TAB/_[ &quot;color.background&quot; ; &quot;#e8deee&quot; ; 1 ] ; // backgroundColor_CR/__TAB/_[ &quot;color.filled&quot; ; &quot;#7962a8&quot; ; 1 ] ; // fillColor_CR/__TAB/_[ &quot;percentage.filled&quot; ; 60 ; 2 ] // fillPercentage_CR/__CR/_)_CR/__CR/__CR/_or_CR/__CR/__CR/_JSONSetElement ( &quot;&quot; ; _CR/__CR/__TAB/_[ &quot;targetWebViewer&quot; ; &quot;myWebViewer&quot; ; 1 ] ; // target webViewer name_CR/__TAB/_[ &quot;width&quot; ; 500 ; 2 ] ; // width_CR/__TAB/_[ &quot;height&quot; ; 16 ; 2 ] ; // height_CR/__TAB/_[ &quot;radius&quot; ; 5 ; 2 ]  ; // radius_CR/__TAB/_[ &quot;color.background&quot; ; &quot;#e8deee&quot; ; 1 ] ; // backgroundColor_CR/__TAB/_[ &quot;color.filled&quot; ; &quot;#7962a8&quot; ; 1 ] ; // fillColor_CR/__TAB/_[ &quot;percentage.filled&quot; ; 40 ; 2 ] // fillPercentage_CR/__CR/_)</Comment>
</DynamicTemplateString>

<DynamicTemplateString>
	<StringID>com.fmi.scriptstep.text.2B0641C7F84F868CF30181D17E3B26BA</StringID>
	<SourceText>SET PROGRESS BAR SINGLE</SourceText>
	<TargetText>SET PROGRESS BAR SINGLE</TargetText>
	<Comment>com.fmi.scriptstep.text.SET PROGRESS BAR SINGLE</Comment>
</DynamicTemplateString>

<DynamicTemplateString>
	<StringID>com.fmi.scriptstep.text.2E657D4A040A267E3EB0A0A150840AB8</StringID>
	<SourceText>Compatibility: <TAB/><TAB/>All platforms</SourceText>
	<TargetText>Compatibility: <TAB/><TAB/>All platforms</TargetText>
	<Comment>com.fmi.scriptstep.text.Compatibility: _TAB/__TAB/_All platforms</Comment>
</DynamicTemplateString>

<DynamicTemplateString>
	<StringID>com.fmi.scriptstep.text.5E179325F9767E48044727F9A5C3D9E2</StringID>
	<SourceText>Written on 22.04.2025 |  Updated: 00.00.0000  | Valid: Yes  |  By: jonni@me.com</SourceText>
	<TargetText>Written on 22.04.2025 |  Updated: 00.00.0000  | Valid: Yes  |  By: jonni@me.com</TargetText>
	<Comment>com.fmi.scriptstep.text.Written on 22.04.2025 |  Updated: 00.00.0000  | Valid: Yes  |  By: jonni@me.com</Comment>
</DynamicTemplateString>

<DynamicTemplateString>
	<StringID>com.fmi.scriptstep.text.6E93D27030534AD82F0364250B306C64</StringID>
	<SourceText>Subscripts Called: <TAB/>None</SourceText>
	<TargetText>Subscripts Called: <TAB/>None</TargetText>
	<Comment>com.fmi.scriptstep.text.Subscripts Called: _TAB/_None</Comment>
</DynamicTemplateString>

<DynamicTemplateString>
	<StringID>com.fmi.scriptstep.text.ABA09ABEAE968FCB2D7635E45EE3A6A6</StringID>
	<SourceText>Scripts Called: <TAB/><TAB/>None</SourceText>
	<TargetText>Scripts Called: <TAB/><TAB/>None</TargetText>
	<Comment>com.fmi.scriptstep.text.Scripts Called: _TAB/__TAB/_None</Comment>
</DynamicTemplateString>

<DynamicTemplateString>
	<StringID>com.fmi.scriptstep.text.CDFDD882E2FC15C7EB360422FE24AC03</StringID>
	<SourceText>++++++++++++++++++++++++++++++++++++++++++++++++</SourceText>
	<TargetText>++++++++++++++++++++++++++++++++++++++++++++++++</TargetText>
	<Comment>com.fmi.scriptstep.text.++++++++++++++++++++++++++++++++++++++++++++++++</Comment>
</DynamicTemplateString>

<DynamicTemplateString>
	<StringID>com.fmi.scriptstep.text.E9F886B04A084FD7228EF2E0BC9822E7</StringID>
	<SourceText>Activation: <TAB/><TAB/><TAB/>User action, script or trigger</SourceText>
	<TargetText>Activation: <TAB/><TAB/><TAB/>User action, script or trigger</TargetText>
	<Comment>com.fmi.scriptstep.text.Activation: _TAB/__TAB/__TAB/_User action, script or trigger</Comment>
</DynamicTemplateString>

<DynamicTemplateString>
	<StringID>com.fmi.scriptstep.text.EB8A1EAE23F07072EE44ACD04D2685B7</StringID>
	<SourceText>Loads progressbar into targeted WebViewer</SourceText>
	<TargetText>Loads progressbar into targeted WebViewer</TargetText>
	<Comment>com.fmi.scriptstep.text.Loads progressbar into targeted WebViewer</Comment>
</DynamicTemplateString>

<DynamicTemplateString>
	<StringID>com.fmi.scriptstep.text.F8C692C443F93C94F89751BC18D8150A</StringID>
	<SourceText>Expected Payload Syntax</SourceText>
	<TargetText>Expected Payload Syntax</TargetText>
	<Comment>com.fmi.scriptstep.text.Expected Payload Syntax</Comment>
</DynamicTemplateString>
